timestamp,dew_point,feels_like,humidity,icon,illuminance,precipitation,precipitation_accumulated,pressure,solar_irradiance,temperature,uv_index,wind_direction,wind_gust,wind_speed
2026-07-25T00:00:00-04:00,16.23916342058726,18.261,88,partly-cloudy-night,0,0,0,985.4685000000002,0,18.261,0,8,0.51,0.0006666666666666666
2026-07-25T01:00:00-04:00,16.214829130199163,18.056333333333328,89,partly-cloudy-night,0,0,0,984.9699999999998,0,18.056333333333328,0,8,0,0
2026-07-25T02:00:00-04:00,16.583021665874604,17.73000000000002,93,partly-cloudy-night,0,0,0,984.5541666666667,0,17.73000000000002,0,8,0,0
2026-07-25T03:00:00-04:00,16.48968139998667,17.63583333333334,93,partly-cloudy-night,0,0,0,984.2078333333337,0,17.63583333333334,0,8,0,0
2026-07-25T04:00:00-04:00,16.210907847154978,17.52583333333333,92,partly-cloudy-night,0,0,0,984.1146666666663,0,17.52583333333333,0,8,0,0
2026-07-25T05:00:00-04:00,16.145737199922806,17.459999999999994,92,partly-cloudy-night,1.1833333333333333,0,0,984.1638333333335,0.009699453551912568,17.459999999999994,0,8,0,0
2026-07-25T06:00:00-04:00,16.20414330669087,17.519000000000005,92,partly-cloudy-day,304.78333333333336,0,0,984.3491666666665,2.4982240437158474,17.519000000000005,0,8,0,0
2026-07-25T07:00:00-04:00,16.39791331715419,17.88833333333333,91,partly-cloudy-day,1886.2833333333333,0,0,984.5473333333332,15.461338797814207,17.88833333333333,0,8,0,0
2026-07-25T08:00:00-04:00,16.831690880104304,18.682000000000002,89,partly-cloudy-day,4189.616666666667,0,0,984.6003333333333,34.341120218579235,18.682000000000002,0,8,0,0
2026-07-25T09:00:00-04:00,17.195345143276835,19.41583333333333,87,partly-cloudy-day,6220.433333333333,0,0,984.6114999999998,50.987158469945356,19.41583333333333,0,8,0,0
2026-07-25T10:00:00-04:00,17.638108996653557,20.242000000000008,85,partly-cloudy-day,9946.95,0,0,983.9951666666665,81.53237704918034,20.242000000000008,0,81,1.53,0.034333333333333334
2026-07-25T11:00:00-04:00,17.758695459035252,20.556833333333334,84,partly-cloudy-day,12430.3,0,0,983.8093333333331,101.88770491803278,20.556833333333334,0,104,1.53,0.06916666666666667
2026-07-25T12:00:00-04:00,18.01655001355456,21.212500000000002,82,partly-cloudy-day,13550.875,0,0,983.60875,111.07274590163935,21.212500000000002,0,24,0.51,0.061250000000000006
2026-07-24T00:00:00-04:00,14.906695424493936,18.02650000000001,82,partly-cloudy-night,0,0,0,986.3388333333331,0,18.02650000000001,0,68,0.51,0.16649999999999998
2026-07-24T01:00:00-04:00,14.510470981793729,16.505333333333326,88,partly-cloudy-night,0,0,0,986.2588333333332,0,16.505333333333326,0,299,0.51,0.0008333333333333334
2026-07-24T02:00:00-04:00,14.479323861571226,17.207166666666662,84,partly-cloudy-night,0,0,0,986.1931666666665,0,17.207166666666662,0,299,0.51,0.12749999999999997
2026-07-24T03:00:00-04:00,14.280905717082174,17.3855,82,partly-cloudy-night,0,0,0,986.138166666667,0,17.3855,0,231,0.51,0.10716666666666665
2026-07-24T04:00:00-04:00,14.040811014927334,16.948166666666665,83,partly-cloudy-night,0,0,0,986.1713333333337,0,16.948166666666665,0,51,0.51,0.007833333333333333
2026-07-24T05:00:00-04:00,14.030204992929274,16.56216666666666,85,partly-cloudy-night,3.1333333333333333,0,0,986.2651666666666,0.025683060109289616,16.56216666666666,0,51,0,0
2026-07-24T06:00:00-04:00,13.966630007267277,16.497333333333334,85,partly-cloudy-day,623.4,0,0,986.7108333333338,5.10983606557377,16.497333333333334,0,50,0.51,0.005666666666666666
2026-07-24T07:00:00-04:00,15.08540036657381,17.826166666666673,84,partly-cloudy-day,2287.9666666666667,0,0,986.9706666666668,18.753825136612022,17.826166666666673,0,55,0.51,0.028833333333333336
2026-07-24T08:00:00-04:00,16.736185661029932,19.32199999999999,85,partly-cloudy-day,6072.216666666666,0,0,987.0913333333333,49.77226775956284,19.32199999999999,0,40,0,0
2026-07-24T09:00:00-04:00,16.53615578018831,21.3605,74,partly-cloudy-day,7412,0,0,987.3003333333331,60.75409836065574,21.3605,0,297,1.02,0.05166666666666666
2026-07-24T10:00:00-04:00,18.151064432797934,22.380999999999993,77,partly-cloudy-day,9787.416666666666,0,0,987.1238333333331,80.22472677595628,22.380999999999993,0,119,0.51,0.012000000000000002
2026-07-24T11:00:00-04:00,17.918319003952558,23.47916666666667,71,partly-cloudy-day,14207.083333333334,0,0,986.9783333333332,116.45150273224044,23.47916666666667,0,146,1.02,0.09366666666666669
2026-07-24T12:00:00-04:00,17.09879287849201,24.345666666666673,64,partly-cloudy-day,23066.283333333333,0,0,986.5393333333333,189.0678961748634,24.345666666666673,1,182,1.53,0.21866666666666668
2026-07-24T13:00:00-04:00,17.756763624398342,25.305333333333326,63,partly-cloudy-day,19776.5,0,0,985.9786666666666,162.10245901639345,25.305333333333326,1,306,1.02,0.04549999999999999
2026-07-24T14:00:00-04:00,17.655710377255467,25.741333333333323,61,partly-cloudy-day,20712.366666666665,0,0,985.4529999999996,169.77349726775955,25.741333333333323,1,306,1.02,0.095
2026-07-24T15:00:00-04:00,17.454700812645218,25.52766666666666,61,partly-cloudy-day,18059.45,0,0,985.0183333333333,148.0282786885246,25.52766666666666,0,285,1.02,0.08049999999999999
2026-07-24T16:00:00-04:00,17.641057068430662,25.182833333333335,63,partly-cloudy-day,17569.55,0,0,984.8515,144.01270491803277,25.182833333333335,0,281,1.02,0.07916666666666666
2026-07-24T17:00:00-04:00,18.05988377128025,25.100666666666665,65,partly-cloudy-day,10979.9,0,0,984.7661666666669,89.99918032786886,25.100666666666665,0,281,0.51,0.006999999999999998
2026-07-24T18:00:00-04:00,18.09599904080221,24.38333333333334,68,partly-cloudy-day,5658.8,0,0,984.6568333333332,46.38360655737705,24.38333333333334,0,281,0.51,0.0035
2026-07-24T19:00:00-04:00,17.779119313103866,23.102499999999996,72,partly-cloudy-day,2575.0666666666666,0,0,984.6598333333334,21.107103825136612,23.102499999999996,0,281,0,0
2026-07-24T20:00:00-04:00,17.13426628420836,21.761166666666657,75,partly-cloudy-day,179.58333333333334,0,0,984.7526666666668,1.4719945355191257,21.761166666666657,0,281,0,0
2026-07-24T21:00:00-04:00,16.3833392663752,20.983333333333327,75,partly-cloudy-night,0,0,0,984.9014999999999,0,20.983333333333327,0,291,1.02,0.04166666666666666
2026-07-24T22:00:00-04:00,16.267328433871754,20.648000000000014,76,partly-cloudy-night,0,0,0,985.528166666667,0,20.648000000000014,0,294,0.51,0.0003333333333333333
2026-07-24T23:00:00-04:00,16.2112304341359,19.168166666666657,83,partly-cloudy-night,0,0,0,985.6825,0,19.168166666666657,0,90,0.51,0.01716666666666667
2026-07-23T00:00:00-04:00,18.71396856986808,22.74933333333333,78,partly-cloudy-night,0,0,0,979.9208333333331,0,22.74933333333333,0,167,1.02,0.06816666666666667
2026-07-23T01:00:00-04:00,18.74357423992897,21.563,84,partly-cloudy-night,0,0,0,980.2964999999999,0,21.563,0,26,0.51,0.018000000000000002
2026-07-23T02:00:00-04:00,17.832249654955007,20.06366666666667,87,partly-cloudy-night,0,0,0,980.7778333333331,0,20.06366666666667,0,85,1.02,0.0395
2026-07-23T03:00:00-04:00,16.628658029781338,19.024666666666675,86,partly-cloudy-night,0,0,0,981.1809999999998,0,19.024666666666675,0,326,0.51,0.040833333333333326
2026-07-23T04:00:00-04:00,15.683318470459124,18.06183333333333,86,partly-cloudy-night,0,0,0,981.6746666666667,0,18.06183333333333,0,321,0.51,0.0011666666666666668
2026-07-23T05:00:00-04:00,15.43563970822703,17.995499999999993,85,partly-cloudy-night,3.533333333333333,0,0,982.548833333333,0.02896174863387978,17.995499999999993,0,321,0,0
2026-07-23T06:00:00-04:00,15.278736224512183,17.466499999999986,87,partly-cloudy-day,586.9333333333333,0,0,983.6611666666669,4.810928961748633,17.466499999999986,0,305,1.02,0.010166666666666666
2026-07-23T07:00:00-04:00,14.98341060856706,17.721999999999998,84,partly-cloudy-day,2477.65,0,0,984.5465000000002,20.30860655737705,17.721999999999998,0,274,0.51,0.0085
2026-07-23T08:00:00-04:00,15.030429128919952,18.952166666666667,78,partly-cloudy-day,4271.066666666667,0,0,985.1326666666662,35.008743169398905,18.952166666666667,0,118,1.02,0.03166666666666667
2026-07-23T09:00:00-04:00,14.268446008665082,20.370666666666654,68,partly-cloudy-day,5699.983333333334,0,0,985.6053333333332,46.72117486338798,20.370666666666654,0,210,1.53,0.08566666666666668
2026-07-23T10:00:00-04:00,14.213195031291685,21.045333333333335,65,partly-cloudy-day,6079.516666666666,0,0,985.5439999999995,49.83210382513661,21.045333333333335,0,255,1.53,0.16666666666666663
2026-07-23T11:00:00-04:00,15.000574302583754,22.919833333333333,61,partly-cloudy-day,38265.25,0,0,985.5281666666667,313.6495901639344,22.919833333333333,2,280,1.53,0.15833333333333333
2026-07-23T12:00:00-04:00,15.212983538514504,24.567666666666675,56,partly-cloudy-day,36267.25,0,0,985.4566666666667,297.2725409836066,24.567666666666675,2,296,1.53,0.18966666666666662
2026-07-23T13:00:00-04:00,15.573692135028304,24.955000000000016,56,partly-cloudy-day,18649.333333333332,0,0,985.0528333333332,152.86338797814207,24.955000000000016,1,274,1.53,0.18866666666666662
2026-07-23T14:00:00-04:00,15.8442201648417,24.371500000000005,59,partly-cloudy-day,16309.65,0,0,984.9431666666666,133.6856557377049,24.371500000000005,0,186,1.02,0.10566666666666664
2026-07-23T15:00:00-04:00,15.921836923153212,24.74016666666667,58,partly-cloudy-day,16519.166666666668,0,0,985.0225000000003,135.40300546448088,24.74016666666667,0,257,1.02,0.05083333333333332
2026-07-23T16:00:00-04:00,16.34960368733973,24.35316666666666,61,partly-cloudy-day,14871.8,0,0,985.2999999999996,121.89999999999999,24.35316666666666,0,264,1.02,0.016000000000000004
2026-07-23T17:00:00-04:00,15.932632180997746,24.465833333333343,59,partly-cloudy-day,12846.183333333332,0,0,985.4654999999997,105.29658469945355,24.465833333333343,0,269,1.02,0.022333333333333334
2026-07-23T18:00:00-04:00,16.737265273250046,23.2035,67,partly-cloudy-day,5739.466666666666,0,0,985.1868333333334,47.0448087431694,23.2035,0,350,0.51,0.004666666666666666
2026-07-23T19:00:00-04:00,16.49625505394868,20.67233333333333,77,partly-cloudy-day,1890.55,0,0,985.164,15.496311475409836,20.67233333333333,0,350,0.51,0.0006666666666666666
2026-07-23T20:00:00-04:00,16.12716767535418,19.674,80,partly-cloudy-day,289,0,0,985.3068333333333,2.3688524590163933,19.674,0,350,0.51,0.022833333333333334
2026-07-23T21:00:00-04:00,15.779372771391465,19.117166666666666,81,partly-cloudy-night,0,0,0,985.8263333333338,0,19.117166666666666,0,340,0.51,0.09233333333333334
2026-07-23T22:00:00-04:00,15.388948239917045,18.520499999999995,82,partly-cloudy-night,0,0,0,986.3641666666667,0,18.520499999999995,0,45,0.51,0.27483333333333326
2026-07-23T23:00:00-04:00,15.19549654191804,18.322333333333326,82,partly-cloudy-night,0,0,0,986.4354999999998,0,18.322333333333326,0,45,0.51,0.19183333333333338
2026-07-22T00:00:00-04:00,20.628951531517572,20.79216666666666,99,drizzle,0,0.18,0,972.5211666666667,0,20.79216666666666,0,136,1.02,0.14066666666666666
2026-07-22T01:00:00-04:00,20.51625772990577,20.679333333333354,99,partly-cloudy-night,0,0,0,972.1541666666666,0,20.679333333333354,0,89,1.02,0.10883333333333335
2026-07-22T02:00:00-04:00,20.599155096417675,20.76233333333335,99,partly-cloudy-night,0,0,0,971.7848333333333,0,20.76233333333335,0,242,1.02,0.14216666666666664
2026-07-22T03:00:00-04:00,20.592829595692425,20.755999999999997,99,partly-cloudy-night,0,0,0,971.8104999999998,0,20.755999999999997,0,205,0.51,0.07050000000000001
2026-07-22T04:00:00-04:00,20.587003476437168,20.75016666666665,99,partly-cloudy-night,0,0,0,972.0639999999999,0,20.75016666666665,0,46,0.51,0.034
2026-07-22T05:00:00-04:00,20.633445965500417,20.796666666666642,99,partly-cloudy-night,4.316666666666666,0,0,972.6261666666666,0.03538251366120218,20.796666666666642,0,37,0.51,0.012333333333333335
2026-07-22T06:00:00-04:00,20.549050467102237,20.712166666666672,99,partly-cloudy-night,954.5333333333333,0,0,973.3559999999999,7.824043715846995,20.712166666666672,0,37,0.51,0.010833333333333332
2026-07-22T07:00:00-04:00,21.139651793457904,21.303500000000003,99,partly-cloudy-day,3107.35,0,0,974.4593333333336,25.470081967213115,21.303500000000003,0,38,0,0
2026-07-22T08:00:00-04:00,22.28006702554626,22.44533333333334,99,partly-cloudy-day,5564.483333333334,0,0,975.3178333333334,45.61051912568306,22.44533333333334,0,38,0.51,0.0003333333333333333
2026-07-22T09:00:00-04:00,23.45143739963742,23.618166666666674,99,partly-cloudy-day,7927.916666666667,0,0,975.8756666666666,64.98292349726776,23.618166666666674,0,38,0.51,0.0013333333333333333
2026-07-22T10:00:00-04:00,23.925275732137667,24.26183333333334,98,partly-cloudy-day,9521.816666666668,0,0,975.8758333333332,78.04767759562843,24.26183333333334,0,73,0.51,0.006000000000000001
2026-07-22T11:00:00-04:00,23.382235549588152,26.506000000000007,83,partly-cloudy-day,25752.066666666666,0,0,976.0703333333335,211.08251366120217,26.506000000000007,1,208,1.02,0.10749999999999998
2026-07-22T12:00:00-04:00,21.521411059894298,31.309147782280775,66,partly-cloudy-day,29094.95,0,0,976.0440000000003,238.4831967213115,28.489666666666672,1,203,1.53,0.26216666666666677
2026-07-22T13:00:00-04:00,20.558096039713803,30.819522853312236,62,partly-cloudy-day,16592.833333333332,0,0,976.0235000000001,136.00683060109287,28.547333333333327,0,235,2.55,0.29900000000000004
2026-07-22T14:00:00-04:00,19.89206442557527,31.62300536776568,56,partly-cloudy-day,26965.9,0,0,975.8379999999999,221.03196721311477,29.595166666666675,1,214,2.04,0.263
2026-07-22T15:00:00-04:00,20.118695810396098,32.73905852137658,54,partly-cloudy-day,38618.65,0,0,975.3981666666666,316.5463114754098,30.472500000000007,2,234,2.55,0.2271666666666667
2026-07-22T16:00:00-04:00,19.7186961239462,33.88722268391852,49,partly-cloudy-day,48449.76666666667,0,0,975.2703333333333,397.12923497267764,31.742499999999996,3,240,1.53,0.2281666666666666
2026-07-22T17:00:00-04:00,19.53944664420013,32.40325755648656,52,partly-cloudy-day,20007.433333333334,0,0,975.4261666666666,163.99535519125683,30.504499999999997,0,220,1.53,0.12349999999999997
2026-07-22T18:00:00-04:00,22.05263958299264,30.00411848723069,73,partly-cloudy-day,6704.716666666666,0,0,975.7653333333334,54.956693989071034,27.318166666666674,0,226,1.02,0.03283333333333334
2026-07-22T19:00:00-04:00,21.29185136391603,26.06916666666666,75,partly-cloudy-day,2613.3,0,0,976.3193333333332,21.42049180327869,26.06916666666666,0,249,0.51,0.034999999999999996
2026-07-22T20:00:00-04:00,20.95563334831902,24.429166666666674,81,partly-cloudy-day,345.1333333333333,0,0,977.1293333333332,2.82896174863388,24.429166666666674,0,220,0.51,0.02733333333333333
2026-07-22T21:00:00-04:00,20.72247703700596,23.388666666666666,85,partly-cloudy-night,0.016666666666666666,0,0,977.9961666666667,0.0001366120218579235,23.388666666666666,0,198,0.51,0.023333333333333334
2026-07-22T22:00:00-04:00,19.3722786524196,22.804,81,partly-cloudy-night,0,0,0,978.9041666666664,0,22.804,0,95,1.02,0.026333333333333334
2026-07-22T23:00:00-04:00,18.52312409812576,22.980999999999998,76,partly-cloudy-night,0,0,0,979.2021666666672,0,22.980999999999998,0,163,1.02,0.08183333333333333
2026-07-21T20:00:00-04:00,22.304020298334205,22.63650000000002,98,rain,21.483333333333334,38.1,0,972.9029999999999,0.1760928961748634,22.63650000000002,0,308,4.59,0.1495
2026-07-21T21:00:00-04:00,20.230723260997756,20.724500000000003,97,rain,0,28.56,0,974.0596666666665,0,20.724500000000003,0,243,4.59,0.49449999999999983
2026-07-21T22:00:00-04:00,20.40156634030386,20.564500000000002,99,rain,0,7.14,0,973.6676666666666,0,20.564500000000002,0,92,1.02,0.09999999999999994
2026-07-21T23:00:00-04:00,20.40040111541912,20.563333333333333,99,drizzle,0,0.19,0,972.8483333333334,0,20.563333333333333,0,59,1.02,0.07749999999999999
2026-07-20T00:00:00-04:00,18.138959666549162,22.368499999999997,77,partly-cloudy-night,0,0,0,979.4756666666666,0,22.368499999999997,0,228,0.51,0.0071666666666666675
2026-07-20T01:00:00-04:00,17.361283039852918,21.996333333333336,75,partly-cloudy-night,0,0,0,979.301833333333,0,21.996333333333336,0,230,0,0
2026-07-20T02:00:00-04:00,16.699265198918074,21.09466666666667,76,partly-cloudy-night,0,0,0,978.7953333333336,0,21.09466666666667,0,231,0,0
2026-07-20T03:00:00-04:00,16.57191232592293,20.540999999999993,78,partly-cloudy-night,0,0,0,978.8303333333333,0,20.540999999999993,0,230,0,0
2026-07-20T04:00:00-04:00,16.51101942418193,19.867833333333312,81,partly-cloudy-night,0,0,0,979.2208333333331,0,19.867833333333312,0,226,1.02,0.029166666666666667
2026-07-20T05:00:00-04:00,16.09331118359447,20.047666666666657,78,partly-cloudy-night,3.316666666666667,0,0,979.4848333333335,0.02718579234972678,20.047666666666657,0,230,0.51,0.043166666666666666
2026-07-20T06:00:00-04:00,16.570731260936117,20.333333333333318,79,partly-cloudy-night,755.7666666666667,0,0,979.7543333333331,6.194808743169399,20.333333333333318,0,257,0.51,0.008
2026-07-20T07:00:00-04:00,17.06672711824684,20.639499999999995,80,partly-cloudy-day,3221.2166666666667,0,0,980.1298333333333,26.40341530054645,20.639499999999995,0,257,0,0
2026-07-20T08:00:00-04:00,17.439152508248124,22.07700000000001,75,partly-cloudy-day,6067.35,0,0,980.5543333333335,49.73237704918033,22.07700000000001,0,218,1.02,0.04716666666666666
2026-07-20T09:00:00-04:00,17.51087341771541,23.52733333333334,69,partly-cloudy-day,9517.6,0,0,980.8806666666671,78.01311475409837,23.52733333333334,0,243,0.51,0.0023333333333333335
2026-07-20T10:00:00-04:00,17.298270310123268,24.043,66,partly-cloudy-day,11214.4,0,0,980.9378333333335,91.92131147540984,24.043,0,161,1.53,0.05983333333333333
2026-07-20T11:00:00-04:00,18.070934859781783,25.372833333333336,64,partly-cloudy-day,27934.383333333335,0,0,980.8220000000001,228.97035519125686,25.372833333333336,1,228,1.02,0.07383333333333333
2026-07-20T12:00:00-04:00,19.154950929496223,25.493999999999996,68,partly-cloudy-day,17260.533333333333,0,0,980.7253333333335,141.47978142076502,25.493999999999996,0,101,1.02,0.11999999999999997
2026-07-20T13:00:00-04:00,19.469771035962882,26.587833333333336,65,partly-cloudy-day,19809.416666666668,0,0,980.3026666666667,162.37226775956285,26.587833333333336,1,171,1.02,0.09
2026-07-20T14:00:00-04:00,20.129136450672743,30.07347841278353,62,partly-cloudy-day,20833.616666666665,0,0,979.7406666666668,170.76734972677593,28.091999999999995,1,237,1.02,0.10149999999999995
2026-07-20T15:00:00-04:00,20.783392784437904,31.229835338779168,62,partly-cloudy-day,29442.9,0,0,979.2995000000003,241.33524590163935,28.786500000000004,1,274,1.02,0.0725
2026-07-20T16:00:00-04:00,21.233136285404754,31.41549922371886,64,partly-cloudy-day,24610.65,0,0,978.4901666666667,201.7266393442623,28.715500000000006,1,188,1.53,0.12749999999999997
2026-07-20T17:00:00-04:00,21.620725288455517,31.170492159068775,67,partly-cloudy-day,12142.2,0,0,978.3251666666666,99.52622950819672,28.335500000000003,0,258,0.51,0.025333333333333336
2026-07-20T18:00:00-04:00,21.91276711744812,30.06692943117521,72,partly-cloudy-day,5015.733333333334,0,0,978.1289999999997,41.11256830601093,27.408000000000012,0,150,1.02,0.008666666666666666
2026-07-20T19:00:00-04:00,21.52708235833979,26.088833333333334,76,partly-cloudy-day,1098.5,0,0,978.4060000000001,9.004098360655737,26.088833333333334,0,100,0.51,0.0035
2026-07-25T13:00:00-04:00,18.574892698615812,21.390666666666664,84,partly-cloudy-day,6208.566666666667,0,0,983.0331666666663,50.88989071038252,21.390666666666664,0,305,1.02,0.009500000000000001
2026-07-25T14:00:00-04:00,18.82865037159162,21.456500000000002,85,partly-cloudy-day,8718.2,0,0,982.5491666666665,71.46065573770493,21.456500000000002,0,80,0.51,0.025833333333333333
2026-07-25T15:00:00-04:00,19.011496024088224,21.451886792452836,86,partly-cloudy-day,5625.301886792453,0,0,982.1215094339627,46.10903185895453,21.451886792452836,0,100,0.51,0.02415094339622641
2026-07-25T16:00:00-04:00,18.990983497418082,21.24235294117647,87,partly-cloudy-day,6215.823529411765,0,0,981.5576470588232,50.94937319189971,21.24235294117647,0,86,0.51,0.01088235294117647
2026-07-25T17:00:00-04:00,19.330121589191823,22.16226415094339,84,partly-cloudy-day,11622.075471698114,0,0,981.1626415094346,95.26291370244356,22.16226415094339,0,86,0.51,0.005283018867924529
2026-07-25T18:00:00-04:00,19.246220872436844,21.882499999999997,85,partly-cloudy-day,4845.423076923077,0,0,980.8411538461535,39.71658259773014,21.882499999999997,0,86,0.51,0.003653846153846154
2026-07-25T19:00:00-04:00,19.205614610436378,21.46068965517242,87,partly-cloudy-day,1843.8793103448277,0,0,980.5944827586205,15.11376483889203,21.46068965517242,0,86,0,0
2026-07-25T20:00:00-04:00,19.360414312698964,20.88516666666666,91,partly-cloudy-day,80.58333333333333,0,0,980.253666666667,0.66051912568306,20.88516666666666,0,86,0,0
2026-07-25T21:00:00-04:00,19.217903303186056,20.38833333333331,93,partly-cloudy-night,0,0,0,980.5598333333331,0,20.38833333333331,0,86,0,0
2026-07-25T22:00:00-04:00,19.275614529445352,20.273333333333333,94,partly-cloudy-night,0,0,0,980.802666666667,0,20.273333333333333,0,86,0,0
2026-07-25T23:00:00-04:00,19.03158207427066,20.027441860465117,94,partly-cloudy-night,0,0,0,980.4355813953488,0,20.027441860465117,0,86,0,0
2026-07-26T00:00:00-04:00,18.707036472432232,19.530000000000005,95,partly-cloudy-night,0,0,0,979.9696666666665,0,19.530000000000005,0,86,0,0
2026-07-26T01:00:00-04:00,18.772466615289026,19.42733333333333,96,partly-cloudy-night,0,0,0,979.6476666666666,0,19.42733333333333,0,86,0,0
2026-07-26T02:00:00-04:00,18.440325270611805,19.093529411764706,96,partly-cloudy-night,0,0,0,979.149411764706,0,19.093529411764706,0,86,0,0
2026-07-26T03:00:00-04:00,18.673054354368404,19.161000000000005,97,partly-cloudy-night,0,0,0,978.4906666666668,0,19.161000000000005,0,86,0.51,0.004666666666666667
2026-07-26T04:00:00-04:00,18.61254585389894,18.935833333333324,98,partly-cloudy-night,0,0,0,978.3355,0,18.935833333333324,0,86,0,0
2026-07-26T05:00:00-04:00,18.452109102181016,18.775,98,partly-cloudy-night,0,0,0,978.132,0,18.775,0,86,0,0
2026-07-26T06:00:00-04:00,18.233238258450537,18.39349999999998,99,partly-cloudy-day,567.5666666666667,0,0,978.6008333333338,4.652185792349727,18.39349999999998,0,86,0,0
2026-07-26T07:00:00-04:00,18.29260657273419,18.452941176470592,99,partly-cloudy-day,1650.235294117647,0,0,978.6735294117648,13.52651880424301,18.452941176470592,0,86,0,0
2026-07-26T08:00:00-04:00,19.238502272056984,19.4,99,partly-cloudy-day,3130.6,0,0,978.878,25.660655737704918,19.4,0,86,0,0
2026-07-26T09:00:00-04:00,20.46610891900366,21.824666666666662,92,partly-cloudy-day,8895.066666666668,0,0,979.2166666666667,72.9103825136612,21.824666666666662,0,250,0,0
2026-07-26T10:00:00-04:00,21.023292438768266,24.091666666666658,83,partly-cloudy-day,10054.116666666667,0,0,978.6220000000001,82.41079234972678,24.091666666666658,0,85,0.51,0.011833333333333335
2026-07-26T11:00:00-04:00,20.672333239052683,24.985,77,partly-cloudy-day,8522,0,0,978.495,69.85245901639344,24.985,0,176,1.02,0.66
2026-07-26T12:00:00-04:00,17.663655420386768,28.249744504319978,56,partly-cloudy-day,32223.59649122807,0,0,977.9685964912279,264.12784009203335,27.199999999999992,1,258,2.55,0.4259649122807018
2026-07-26T13:00:00-04:00,18.045829423317215,28.746346885375807,56,partly-cloudy-day,17478.1,0,0,977.3525000000001,143.26311475409835,27.610666666666667,0,258,2.04,0.2918333333333332
2026-07-26T14:00:00-04:00,17.65665181642193,28.521084062500027,55,partly-cloudy-day,15077,0,0,976.8,123.58196721311475,27.5,1,283,1.02,0.28
2026-07-26T15:00:00-04:00,18.700341630282708,30.30744364336971,54,partly-cloudy-day,25118.75,0,0,976.0371666666666,205.89139344262296,28.940666666666676,1,288,2.55,0.1675
2026-07-26T16:00:00-04:00,19.581645594705563,31.08395747098181,56,partly-cloudy-day,14206,0,0,975.8542857142857,116.44262295081967,29.26142857142857,1,286,0,0
2026-07-26T17:00:00-04:00,19.033365118565538,29.87175162341437,57,partly-cloudy-day,9299.55357142857,0,0,975.6283928571427,76.22584894613583,28.36732142857144,0,184,0.51,0.022500000000000003
2026-07-26T18:00:00-04:00,20.7198155280603,26.401999999999997,71,partly-cloudy-day,4807.4,0,0,975.5143333333327,39.40491803278688,26.401999999999997,0,23,0.51,0.004333333333333333
2026-07-26T19:00:00-04:00,20.813813922096198,25.8,74,partly-cloudy-day,2185,0,0,975.43,17.90983606557377,25.8,0,23,0,0
2026-07-26T20:00:00-04:00,20.175245246529094,24.04383333333332,79,partly-cloudy-day,96.53333333333333,0,0,975.7643333333332,0.7912568306010929,24.04383333333332,0,27,0.51,0.004333333333333333
2026-07-26T21:00:00-04:00,20.15081864799851,23.198833333333337,83,partly-cloudy-night,0,0,0,975.923333333333,0,23.198833333333337,0,32,0.51,0.004666666666666667
2026-07-26T22:00:00-04:00,19.79438750990655,23.034285714285716,82,partly-cloudy-night,0,0,0,976.3390476190477,0,23.034285714285716,0,24,0.51,0.0030952380952380953
2026-07-27T00:00:00-04:00,19.733980533512145,21.626000000000012,89,partly-cloudy-night,0,0,0,976.5055,0,21.626000000000012,0,0,0.51,0.0205
2026-07-27T01:00:00-04:00,19.78298510812203,21.312666666666665,91,partly-cloudy-night,0,0,0,976.1821666666671,0,21.312666666666665,0,144,1.02,0.023000000000000003
2026-07-27T02:00:00-04:00,19.808601373943862,21.160370370370373,92,partly-cloudy-night,0,0,0,975.8425925925925,0,21.160370370370373,0,317,0.51,0.0062962962962962955
2026-07-26T23:00:00-04:00,19.944150666391018,22.21199999999999,87,partly-cloudy-night,0,0,0,976.455333333333,0,22.21199999999999,0,0,0,0
2026-07-27T03:00:00-04:00,19.313880332855117,21.199833333333338,89,partly-cloudy-night,0,0,0,975.7770000000004,0,21.199833333333338,0,207,0.51,0.037
2026-07-27T04:00:00-04:00,18.90090816606513,20.24333333333334,92,partly-cloudy-night,0,0,0,975.716666666667,0,20.24333333333334,0,123,0,0
2026-07-27T05:00:00-04:00,17.859985653848682,20.468333333333344,85,partly-cloudy-night,1.8,0,0,975.6066666666667,0.014754098360655738,20.468333333333344,0,191,0.51,0.011333333333333334
2026-07-27T06:00:00-04:00,17.789970707230694,19.653999999999993,89,partly-cloudy-day,275.225,0,0,975.9427500000002,2.25594262295082,19.653999999999993,0,199,0.51,0.020999999999999998
2026-07-27T07:00:00-04:00,18.417188686596432,20.658666666666665,87,partly-cloudy-day,3146.1666666666665,0,0,976.6993333333332,25.788251366120218,20.658666666666665,0,211,0,0
2026-07-27T08:00:00-04:00,19.289448139848247,22.51683333333334,82,partly-cloudy-day,5448.016666666666,0,0,976.8456666666665,44.65587431693989,22.51683333333334,0,187,1.02,0.043
2026-07-27T09:00:00-04:00,19.2836409083311,24.211621621621628,74,partly-cloudy-day,9042.513513513513,0,0,976.7686486486483,74.1189632255206,24.211621621621628,0,294,0.51,0.04378378378378378
2026-07-27T10:00:00-04:00,19.67170079369919,25.308333333333337,71,partly-cloudy-day,11450.85,0,0,976.7165000000002,93.8594262295082,25.308333333333337,0,272,1.53,0.08299999999999998
2026-07-27T11:00:00-04:00,19.625552408535643,26.493000000000002,66,partly-cloudy-day,18275.4,0,0,976.5478333333333,149.79836065573772,26.493000000000002,0,138,1.53,0.12833333333333333
2026-07-27T12:00:00-04:00,18.56846733324467,29.178796417025133,57,partly-cloudy-day,49028.4375,0,0,976.5006249999997,401.87243852459017,27.868750000000002,3,240,2.55,0.26749999999999996
2026-07-27T13:00:00-04:00,19.038504419564955,29.87969629883753,57,partly-cloudy-day,18501.216666666667,0,0,975.9718333333333,151.64931693989072,28.37283333333334,0,253,2.55,0.23950000000000002
2026-07-27T14:00:00-04:00,19.396938069233244,30.449125890564044,57,partly-cloudy-day,22611.272727272728,0,0,975.7990909090909,185.33830104321908,28.757272727272724,1,272,1.53,0.12363636363636364
2026-07-27T15:00:00-04:00,19.326224325489488,31.67014758712471,53,partly-cloudy-day,40609.05,0,0,974.8715000000001,332.86106557377053,29.94133333333333,2,234,2.04,0.17483333333333326
2026-07-27T16:00:00-04:00,18.853086378213458,32.30690415208671,49,partly-cloudy-day,38173.95,0,0,974.2405000000001,312.9012295081967,30.796,2,333,1.02,0.14300000000000002
2026-07-27T17:00:00-04:00,19.23186339443805,32.22275110004694,51,partly-cloudy-day,17557.683333333334,0,0,974.494666666667,143.91543715846996,30.509500000000017,0,210,1.02,0.05416666666666667
2026-07-27T18:00:00-04:00,19.261962720748922,30.231145458862855,57,partly-cloudy-day,9290.75,0,0,974.4200000000001,76.15368852459017,28.612499999999997,0,199,0,0
2026-07-27T19:00:00-04:00,20.681744086895982,25.436833333333322,75,partly-cloudy-day,2740.8,0,0,974.4879999999998,22.465573770491805,25.436833333333322,0,16,0,0
2026-07-27T20:00:00-04:00,20.294707056975234,24.166833333333333,79,partly-cloudy-day,215.3,0,0,974.2464999999997,1.7647540983606558,24.166833333333333,0,17,0.51,0.001
2026-07-27T21:00:00-04:00,20.102282578024887,23.149166666666662,83,partly-cloudy-night,0,0,0,974.3628333333331,0,23.149166666666662,0,17,0,0
2026-07-27T22:00:00-04:00,19.990659072562877,22.642000000000003,85,partly-cloudy-night,0,0,0,974.3993333333335,0,22.642000000000003,0,17,0,0
2026-07-27T23:00:00-04:00,19.974064112000303,22.432499999999994,86,partly-cloudy-night,0,0,0,974.2196666666664,0,22.432499999999994,0,17,0,0
2026-07-28T00:00:00-04:00,19.929141485105188,22.009166666666662,88,partly-cloudy-night,0,0,0,974.2588333333332,0,22.009166666666662,0,17,0,0
2026-07-28T01:00:00-04:00,20.00736084281515,21.90333333333334,89,partly-cloudy-night,0,0,0,973.6513333333331,0,21.90333333333334,0,17,0,0
2026-07-28T02:00:00-04:00,19.885753101590133,21.59716666666667,90,partly-cloudy-night,0,0,0,973.1381666666665,0,21.59716666666667,0,17,0,0
2026-07-28T03:00:00-04:00,19.971631296259297,21.684166666666684,90,partly-cloudy-night,0,0,0,972.9441666666667,0,21.684166666666684,0,17,0,0
2026-07-28T04:00:00-04:00,20.002257519223715,21.5345,91,partly-cloudy-night,0,0,0,971.9781666666669,0,21.5345,0,17,0,0
2026-07-28T05:00:00-04:00,19.994480208222885,21.348166666666668,92,partly-cloudy-night,1.4,0,0,971.2093333333333,0.011475409836065573,21.348166666666668,0,108,0,0
2026-07-28T06:00:00-04:00,19.951386302025366,21.128387096774205,93,partly-cloudy-day,183.48387096774192,0,0,970.6951612903225,1.5039661554732944,21.128387096774205,0,123,0,0
2026-07-28T07:00:00-04:00,20.401752869169222,21.93866666666667,91,partly-cloudy-day,2421.25,0,0,970.9728333333337,19.846311475409838,21.93866666666667,0,338,0.51,0.0006666666666666666
2026-07-28T08:00:00-04:00,20.63839662832831,21.82156862745097,93,partly-cloudy-day,2038.8039215686274,0,0,971.1807843137256,16.71150755384121,21.82156862745097,0,339,0,0
2026-07-28T09:00:00-04:00,20.903087668469407,22.26616666666666,92,partly-cloudy-day,6761.216666666666,0,0,970.7176666666667,55.4198087431694,22.26616666666666,0,207,1.02,0.112
2026-07-28T10:00:00-04:00,21.831211316501886,25.12183333333332,82,partly-cloudy-day,11616.8,0,0,970.2870000000001,95.21967213114753,25.12183333333332,0,105,1.53,0.0795
2026-07-28T11:00:00-04:00,21.042298649595356,26.50111111111111,72,partly-cloudy-day,10071.277777777777,0,0,969.9272222222223,82.55145719489981,26.50111111111111,0,137,2.04,0.21611111111111114
2026-07-28T12:00:00-04:00,20.289930684141616,31.658584959541315,58,partly-cloudy-day,31843.7,0,0,968.8153333333335,261.0139344262295,29.413500000000006,1,153,2.55,0.3259999999999999
2026-07-28T13:00:00-04:00,19.9270604100406,30.688542193048193,59,partly-cloudy-day,13263.25,0,0,968.5783333333334,108.71516393442623,28.73,0,154,2.04,0.36166666666666664
2026-07-28T14:00:00-04:00,20.43657225268607,30.60348630569997,62,partly-cloudy-day,17220.033333333333,0,0,967.6589999999997,141.14781420765027,28.41833333333333,0,151,2.04,0.22116666666666668
2026-07-28T15:00:00-04:00,21.44643455225935,31.831709040732036,64,partly-cloudy-day,10035.421052631578,0,0,967.1289473684211,82.25754961173425,28.94105263157895,0,128,1.53,0.22789473684210526
2026-07-28T16:00:00-04:00,22.102130981773843,32.15064216662794,67,partly-cloudy-day,31034.383333333335,0,0,966.5851666666669,254.3801912568306,28.841666666666665,1,182,3.57,0.3153333333333333
2026-07-28T17:00:00-04:00,22.372962585101845,31.00631783394246,72,partly-cloudy-day,23081.25,0,0,966.325,189.1905737704918,27.887500000000003,0,117,1.02,0.44000000000000006
2026-07-28T18:00:00-04:00,22.748689374895857,32.51523118422716,70,partly-cloudy-day,10183.563636363637,0,0,966.3860000000001,83.47183308494785,28.763999999999996,0,285,2.04,0.08690909090909091
2026-07-28T19:00:00-04:00,21.35682733772188,29.671660637755433,70,partly-cloudy-day,3305.3684210526317,0,0,967.3814035087722,27.093183779119933,27.308596491228066,0,214,1.02,0.030175438596491227
2026-07-28T20:00:00-04:00,20.832624930049437,24.51033333333334,80,partly-cloudy-night,237.65,0,0,967.5931666666668,1.9479508196721311,24.51033333333334,0,55,1.53,0.023500000000000004
2026-07-28T21:00:00-04:00,20.737795509116005,23.799500000000002,83,partly-cloudy-night,0,0,0,967.5988333333335,0,23.799500000000002,0,233,2.55,0.11566666666666663
2026-07-28T22:00:00-04:00,20.306847395653243,24.17933333333332,79,partly-cloudy-night,0,0,0,968.6108333333336,0,24.17933333333332,0,253,3.57,0.30449999999999994
2026-07-28T23:00:00-04:00,19.93447207084712,24.441000000000003,76,partly-cloudy-night,0,0,0,968.734,0,24.441000000000003,0,313,1.53,0.236
2026-07-29T00:00:00-04:00,19.765647986997486,23.00483333333333,82,partly-cloudy-night,0,0,0,969.1856666666665,0,23.00483333333333,0,170,1.53,0.13283333333333333
2026-07-29T01:00:00-04:00,19.528689178046395,22.762,82,partly-cloudy-night,0,0,0,969.0689999999997,0,22.762,0,228,1.02,0.1283333333333333
2026-07-29T02:00:00-04:00,19.318335148939273,21.956071428571427,85,partly-cloudy-night,0,0,0,969.1949999999999,0,21.956071428571427,0,114,1.02,0.11357142857142857
2026-07-29T03:00:00-04:00,19.275990805541202,21.72133333333333,86,partly-cloudy-night,0,0,0,969.2718333333331,0,21.72133333333333,0,196,2.04,0.09866666666666662
2026-07-29T04:00:00-04:00,18.79124297739614,21.039166666666652,87,partly-cloudy-night,0,0,0,969.4603333333333,0,21.039166666666652,0,151,1.02,0.092
2026-07-29T05:00:00-04:00,18.300615345897256,20.35485714285713,88,partly-cloudy-night,0,0,0,969.6128571428573,0,20.35485714285713,0,74,0.51,0.07742857142857143
2026-07-29T06:00:00-04:00,17.9092592213782,19.775000000000013,89,partly-cloudy-day,535.1,0,0,969.8191666666668,4.386065573770492,19.775000000000013,0,3,0.51,0.045000000000000005
2026-07-29T07:00:00-04:00,18.25554191931725,20.49423728813559,87,partly-cloudy-day,2424.3389830508477,0,0,970.2645762711866,19.871631008613505,20.49423728813559,0,121,1.53,0.11203389830508471
2026-07-29T08:00:00-04:00,18.449993686594823,22.26766666666667,79,partly-cloudy-day,5204,0,0,970.6315,42.65573770491803,22.26766666666667,0,235,1.02,0.0785
2026-07-29T09:00:00-04:00,18.50993894109547,23.863500000000005,72,partly-cloudy-day,7969.05,0,0,970.9898333333336,65.32008196721311,23.863500000000005,0,245,2.55,0.2891666666666666
2026-07-29T10:00:00-04:00,17.98573059680853,24.2676923076923,68,partly-cloudy-day,8018.038461538462,0,0,971.3892307692306,65.72162673392182,24.2676923076923,0,262,2.55,0.31192307692307697
2026-07-29T11:00:00-04:00,17.73139654164107,25.547666666666665,62,partly-cloudy-day,22991.016666666666,0,0,971.8109999999998,188.450956284153,25.547666666666665,0,301,2.55,0.4448333333333333
2026-07-29T12:00:00-04:00,16.708445559429904,27.659802684083562,54,partly-cloudy-day,53449.35,0,0,971.7209999999999,438.1094262295082,26.790499999999998,3,310,3.06,0.5715000000000001
2026-07-29T13:00:00-04:00,16.22615724561184,28.472474692042773,49,partly-cloudy-day,16805.233333333334,0,0,971.7933333333333,137.74781420765026,27.925333333333345,0,256,4.08,0.5933333333333332
2026-07-29T14:00:00-04:00,15.959769844102228,28.45007677464254,48,partly-cloudy-day,12290.25,0,0,971.7125000000001,100.73975409836065,27.987499999999997,0,221,3.06,0.5425
2026-07-29T15:00:00-04:00,15.069527019843228,28.95027846721678,43,partly-cloudy-day,50429.53333333333,0,0,971.7248333333331,413.3568306010929,28.89866666666667,3,267,5.1,0.6123333333333334
2026-07-29T16:00:00-04:00,14.78613222985501,28.94770893537521,42,partly-cloudy-day,56821.1,0,0,971.811,465.7467213114754,28.99,4,194,4.59,0.657
2026-07-29T17:00:00-04:00,15.000725887798652,27.95691496132235,46,partly-cloudy-day,16391.931034482757,0,0,972.2484482758621,134.36009044658,27.66362068965518,0,229,2.55,0.3236206896551725
2026-07-29T18:00:00-04:00,15.913517751503957,26.248833333333337,53,partly-cloudy-day,5931.883333333333,0,0,972.5845000000002,48.62199453551912,26.248833333333337,0,255,1.53,0.18399999999999997
2026-07-29T19:00:00-04:00,16.195608121930533,25.325,57,partly-cloudy-day,3104,0,0,972.6800000000001,25.442622950819672,25.325,0,305,1.02,0.1575
2026-07-29T20:00:00-04:00,16.549627798162657,22.761833333333332,68,partly-cloudy-night,233.2,0,0,973.8658333333331,1.9114754098360656,22.761833333333332,0,242,1.02,0.06949999999999999
2026-07-29T21:00:00-04:00,15.98642393326281,20.790166666666675,74,partly-cloudy-night,0,0,0,974.6448333333334,0,20.790166666666675,0,235,1.02,0.08399999999999999
2026-07-29T22:00:00-04:00,16.007203176846968,20.59375,75,partly-cloudy-night,0,0,0,974.9212499999999,0,20.59375,0,105,1.02,0.20124999999999998
2026-07-30T00:00:00-04:00,16.192438290016987,20.358666666666668,77,partly-cloudy-night,0,0,0,975.6778333333334,0,20.358666666666668,0,167,1.53,0.1463333333333333
2026-07-30T01:00:00-04:00,16.12116639186396,19.66783333333333,80,partly-cloudy-night,0,0,0,975.6728333333332,0,19.66783333333333,0,146,1.02,0.10133333333333333
2026-07-30T02:00:00-04:00,15.7320998052385,19.068666666666665,81,partly-cloudy-night,0,0,0,975.4858333333333,0,19.068666666666665,0,69,1.02,0.08849999999999998
2026-07-30T03:00:00-04:00,15.51321423751316,18.647796610169497,82,partly-cloudy-night,0,0,0,975.3152542372884,0,18.647796610169497,0,65,1.02,0.16932203389830508
2026-07-30T04:00:00-04:00,15.519802368431648,18.654545454545456,82,partly-cloudy-night,0,0,0,975.22,0,18.654545454545456,0,167,1.02,0.08590909090909091
2026-07-29T23:00:00-04:00,16.222949629730934,20.390166666666655,77,partly-cloudy-night,0,0,0,975.3580000000003,0,20.390166666666655,0,37,1.02,0.088
2026-07-30T05:00:00-04:00,15.166210024409342,18.292333333333332,82,partly-cloudy-night,0.9333333333333333,0,0,975.6438333333336,0.007650273224043716,18.292333333333332,0,94,1.02,0.12350000000000001
2026-07-30T06:00:00-04:00,14.635001749316759,18.140833333333337,80,partly-cloudy-day,451.5,0,0,976.1129999999998,3.7008196721311477,18.140833333333337,0,130,1.02,0.18549999999999994
2026-07-30T07:00:00-04:00,14.371691481771913,18.9,75,partly-cloudy-day,1159.6,0,0,976.18,9.504918032786884,18.9,0,288,0.51,0.262
2026-07-30T08:00:00-04:00,14.717857617488669,20.84166666666668,68,partly-cloudy-day,3643.55,0,0,976.5234999999997,29.86516393442623,20.84166666666668,0,280,2.55,0.26116666666666666
2026-07-30T09:00:00-04:00,14.725890381584906,22.09754716981132,63,partly-cloudy-day,5170.490566037736,0,0,976.6556603773583,42.38107021342407,22.09754716981132,0,254,3.57,0.31735849056603777
2026-07-30T10:00:00-04:00,14.383401534634435,23.677000000000003,56,partly-cloudy-day,4400.566666666667,0,0,977.0188333333332,36.070218579234975,23.677000000000003,0,306,2.55,0.35333333333333333
2026-07-30T11:00:00-04:00,13.979091179276251,24.800196078431373,51,partly-cloudy-day,16993.43137254902,0,0,977.256470588235,139.29042108646738,24.800196078431373,0,266,2.55,0.4194117647058824
2026-07-30T12:00:00-04:00,12.40941684067568,25.947500000000005,43,partly-cloudy-day,24784.1,0,0,977.266,203.1483606557377,25.947500000000005,1,269,5.61,0.5971666666666666
2026-07-30T13:00:00-04:00,12.00220750958732,27.06733673296715,39,partly-cloudy-day,8193.916666666666,0,0,977.0538333333334,67.1632513661202,27.149833333333337,0,245,3.06,0.5301666666666668
2026-07-30T14:00:00-04:00,12.326575427270065,27.964363302655805,37,partly-cloudy-day,36065.6,0,0,976.9133333333333,295.6196721311475,28.41650000000001,2,291,3.06,0.48583333333333345
2026-07-30T15:00:00-04:00,12.926305403761058,28.587346990770115,37,partly-cloudy-day,57173.95238095238,0,0,976.8166666666667,468.63895394223266,29.09428571428572,3,238,2.55,0.4523809523809523
2026-07-30T16:00:00-04:00,13.50901106742549,30.084806325275583,35,partly-cloudy-day,52203.53333333333,0,0,976.6668333333336,427.89781420765024,30.721833333333333,3,258,3.06,0.39300000000000007
2026-07-30T17:00:00-04:00,13.236379785277574,28.5667691923978,38,partly-cloudy-day,24194.5,0,0,976.8516666666668,198.3155737704918,28.98333333333333,1,286,1.02,0.125
2026-07-30T18:00:00-04:00,14.32183211956466,28.108497334343767,43,partly-cloudy-day,5747.9,0,0,977.4708333333333,47.113934426229505,28.068833333333338,0,242,1.02,0.13549999999999995
2026-07-30T19:00:00-04:00,14.388580820746725,27.34780061472882,46,partly-cloudy-day,2206,0,0,977.5866666666667,18.081967213114755,26.99,0,262,0.51,0.05666666666666667
2026-07-30T20:00:00-04:00,15.262775694329509,23.751166666666663,59,partly-cloudy-night,259.28333333333336,0,0,978.3551666666664,2.125273224043716,23.751166666666663,0,35,0.51,0.08349999999999999
2026-07-30T21:00:00-04:00,15.049738755734845,22.18133333333333,64,partly-cloudy-night,0,0,0,979.2476666666663,0,22.18133333333333,0,67,1.02,0.25899999999999995
2026-07-30T22:00:00-04:00,14.329531863975337,21.420833333333317,64,partly-cloudy-night,0,0,0,979.7875000000001,0,21.420833333333317,0,151,1.02,0.12305555555555554
2026-07-31T00:00:00-04:00,14.367369718463435,20.95916666666667,66,partly-cloudy-night,0,0,0,979.9984999999999,0,20.95916666666667,0,171,2.04,0.2258333333333334
2026-07-31T01:00:00-04:00,14.1920438502066,21.27566666666668,64,partly-cloudy-night,0,0,0,979.9366666666668,0,21.27566666666668,0,138,1.53,0.2948333333333333
2026-07-31T02:00:00-04:00,13.989199972428954,21.318181818181827,63,partly-cloudy-night,0,0,0,979.8881818181817,0,21.318181818181827,0,113,1.02,0.15454545454545457
2026-07-30T23:00:00-04:00,14.489388742660925,20.842833333333317,67,partly-cloudy-night,0,0,0,980.0471666666667,0,20.842833333333317,0,209,1.02,0.2446666666666667
2026-07-31T03:00:00-04:00,13.86546689244598,21.448333333333338,62,partly-cloudy-night,0,0,0,979.9561666666666,0,21.448333333333338,0,222,2.55,0.2455
2026-07-31T04:00:00-04:00,13.78767016597924,21.105,63,partly-cloudy-night,0,0,0,979.8276666666667,0,21.105,0,278,2.04,0.15866666666666665
2026-07-31T05:00:00-04:00,14.029158465997986,20.8513953488372,65,partly-cloudy-night,0,0,0,980.0595348837211,0,20.8513953488372,0,231,2.55,0.22953488372093017
2026-07-31T06:00:00-04:00,13.831967082586255,20.895500000000002,64,partly-cloudy-day,447.5,0,0,980.4955000000001,3.668032786885246,20.895500000000002,0,205,2.55,0.34083333333333343
2026-07-31T07:00:00-04:00,13.917986237337358,20.986315789473675,64,partly-cloudy-day,1400.122807017544,0,0,980.8336842105264,11.476416450963475,20.986315789473675,0,301,1.53,0.08543859649122808
2026-07-31T08:00:00-04:00,15.405411006583309,22.051166666666663,66,partly-cloudy-day,3099.3333333333335,0,0,980.917,25.404371584699454,22.051166666666663,0,276,1.53,0.023166666666666665
2026-07-31T09:00:00-04:00,16.533207454849943,23.74816666666666,64,partly-cloudy-day,4788.566666666667,0,0,980.9350000000001,39.250546448087434,23.74816666666666,0,270,0,0
2026-07-31T10:00:00-04:00,16.921141972670302,25.238000000000007,60,partly-cloudy-day,3566.9,0,0,980.7445,29.23688524590164,25.238000000000007,0,305,0.51,0.004
2026-07-31T11:00:00-04:00,16.266643966455725,27.69573219947615,52,partly-cloudy-day,14051.85,0,0,980.8698333333333,115.17909836065574,26.9545,0,247,2.04,0.12966666666666665
2026-07-31T12:00:00-04:00,16.138241544835132,27.818549570815918,51,partly-cloudy-day,12849.418604651162,0,0,980.6372093023258,105.3231033168128,27.14581395348837,0,199,2.04,0.16348837209302322
2026-07-31T13:00:00-04:00,15.694201434038236,29.38546742767268,44,partly-cloudy-day,14720.5,0,0,979.9590000000001,120.65983606557377,29.193833333333334,0,280,1.53,0.275
2026-07-31T14:00:00-04:00,16.361808207194805,28.93633594761137,48,partly-cloudy-day,11301.888888888889,0,0,979.8855555555555,92.63843351548269,28.427777777777774,0,318,0.51,0.0044444444444444444
2026-07-31T15:00:00-04:00,15.780462444167606,32.36972455611462,37,partly-cloudy-day,60791.333333333336,0,0,979.4393333333334,498.28961748633884,32.32266666666667,4,268,1.02,0.22749999999999998
2026-07-31T16:00:00-04:00,15.619776960757202,33.1311272895578,35,partly-cloudy-day,62830.38888888889,0,0,979.1705555555553,515.0031876138434,33.126666666666665,4,238,2.04,0.20722222222222222
2026-07-31T17:00:00-04:00,15.784397383838778,33.39839675593785,35,partly-cloudy-day,24894.466666666667,0,0,978.9676666666671,204.0530054644809,33.31433333333334,1,234,1.02,0.10900000000000001
2026-07-31T18:00:00-04:00,15.581580743738128,30.730687830346692,40,partly-cloudy-day,3838,0,0,978.9166666666666,31.459016393442624,30.72666666666667,0,280,0.51,0.17666666666666667
2026-07-31T19:00:00-04:00,17.345289287258357,25.97338983050847,59,partly-cloudy-day,1380.6271186440679,0,0,978.8613559322035,11.31661572659072,25.97338983050847,0,279,1.02,0.09050847457627119
2026-07-31T20:00:00-04:00,17.26888411261265,24.266499999999997,65,partly-cloudy-night,131.01666666666668,0,0,979.1836666666669,1.0739071038251367,24.266499999999997,0,296,0.51,0.06433333333333331
2026-07-31T21:00:00-04:00,17.351324514217335,23.360333333333323,69,partly-cloudy-night,0,0,0,979.5233333333332,0,23.360333333333323,0,296,0.51,0.128
2026-07-31T22:00:00-04:00,17.624600364593412,22.713999999999995,73,partly-cloudy-night,0,0,0,979.6228333333336,0,22.713999999999995,0,128,0.51,0.042666666666666665
2026-07-31T23:00:00-04:00,17.376515121635386,22.232439024390246,74,partly-cloudy-night,0,0,0,979.5414634146335,0,22.232439024390246,0,32,0.51,0.047317073170731715
2026-08-01T00:00:00-04:00,17.393232490457464,21.387666666666664,78,partly-cloudy-night,0,0,0,979.7579999999996,0,21.387666666666664,0,32,0,0
2026-08-01T01:00:00-04:00,17.48984712463431,21.074333333333335,80,partly-cloudy-night,0,0,0,979.6186666666665,0,21.074333333333335,0,32,0,0
2026-08-01T02:00:00-04:00,17.41078099625301,20.99307692307693,80,partly-cloudy-night,0,0,0,979.3292307692308,0,20.99307692307693,0,32,0,0
2026-08-01T03:00:00-04:00,17.376790570913062,20.557000000000006,82,partly-cloudy-night,0,0,0,978.7639999999999,0,20.557000000000006,0,32,0,0
2026-08-01T04:00:00-04:00,17.197293524867106,19.98333333333334,84,partly-cloudy-night,0,0,0,978.6436666666665,0,19.98333333333334,0,32,0,0
2026-08-01T05:00:00-04:00,17.310295265125916,20.2925,83,partly-cloudy-night,0,0,0,978.4825000000001,0,20.2925,0,32,0,0
2026-08-01T06:00:00-04:00,17.32086020282023,19.543499999999998,87,partly-cloudy-day,620.95,0,0,978.6873333333335,5.089754098360656,19.543499999999998,0,30,0,0
2026-08-01T07:00:00-04:00,17.502108492799938,19.727857142857147,87,partly-cloudy-day,2294.5714285714284,0,0,978.7564285714287,18.807962529274004,19.727857142857147,0,32,0,0
2026-08-01T08:00:00-04:00,19.03737469991325,21.863166666666682,84,partly-cloudy-day,5807.85,0,0,978.9291666666667,47.60532786885246,21.863166666666682,0,32,0,0
2026-08-01T09:00:00-04:00,19.408337457343823,22.638666666666662,82,partly-cloudy-day,7995.466666666666,0,0,978.9846666666668,65.53661202185792,22.638666666666662,0,32,0,0
2026-08-01T10:00:00-04:00,19.369909525878818,25.719482758620686,68,partly-cloudy-day,13401.465517241379,0,0,978.5403448275861,109.84807801017523,25.719482758620686,0,69,1.02,0.0353448275862069
2026-08-01T11:00:00-04:00,19.307055021081165,28.772596406020746,62,partly-cloudy-day,16971.4,0,0,978.4933333333336,139.10983606557377,27.219500000000007,1,134,1.02,0.060666666666666653
2026-08-01T12:00:00-04:00,19.634729812041186,28.968172272866322,63,partly-cloudy-day,21467,0,0,978.436,175.95901639344262,27.294,1,146,1.02,0.06399999999999999
2026-08-01T13:00:00-04:00,19.99892638074189,29.856143043650135,62,partly-cloudy-day,14731.5,0,0,977.8598275862066,120.75,27.953793103448273,0,219,2.04,0.07706896551724136
2026-08-01T14:00:00-04:00,21.68898521808894,30.970803317335594,68,partly-cloudy-day,11430.75,0,0,977.4213333333333,93.69467213114754,28.152666666666676,0,292,1.53,0.14299999999999996
2026-08-01T15:00:00-04:00,22.40565470154284,31.420559461762565,71,partly-cloudy-day,18474.35,0,0,976.968333333333,151.42909836065573,28.161499999999993,0,198,2.04,0.22983333333333325
2026-08-01T16:00:00-04:00,22.12115169691643,32.19063136416277,67,partly-cloudy-day,22083.229166666668,0,0,976.4537500000001,181.01007513661204,28.861666666666668,1,181,3.57,0.208125
2026-08-01T17:00:00-04:00,22.162708150509005,31.594659807095255,69,partly-cloudy-day,11133.603773584906,0,0,975.959245283019,91.25904732446644,28.39849056603773,0,180,1.53,0.14094339622641508
2026-08-01T18:00:00-04:00,21.177764040749633,24.865166666666667,80,partly-cloudy-day,1634.25,0,0,976.0994999999997,13.395491803278688,24.865166666666667,0,245,4.59,0.2055
2026-08-01T19:00:00-04:00,21.224938111160725,22.771499999999993,91,partly-cloudy-day,888.4,0,0,975.9456666666665,7.281967213114754,22.771499999999993,0,318,0.51,0.0005
2026-08-01T20:00:00-04:00,21.700712440743274,22.71700000000001,94,partly-cloudy-night,26.566666666666666,0,0,976.0966666666669,0.21775956284153006,22.71700000000001,0,318,0.51,0.0021666666666666666
2026-08-01T21:00:00-04:00,21.43184717316216,22.622166666666665,93,partly-cloudy-night,0,0,0,976.4068333333337,0,22.622166666666665,0,318,0.51,0.0006666666666666666
2026-08-01T22:00:00-04:00,21.40629970280723,22.774594594594582,92,partly-cloudy-night,0,0,0,976.7586486486484,0,22.774594594594582,0,318,0,0
2026-08-02T00:00:00-04:00,21.307514432944767,21.637500000000006,98,partly-cloudy-night,0,0,0,976.9293333333334,0,21.637500000000006,0,320,0.51,0.0003333333333333333
2026-08-02T01:00:00-04:00,21.24874367538361,21.41272727272726,99,drizzle,0,0.12,0.25999999999976353,976.7758181818177,0,21.41272727272726,0,320,0,0
2026-08-01T23:00:00-04:00,21.514260971953508,22.355000000000004,95,drizzle,0,1.91,0,976.8021666666668,0,22.355000000000004,0,319,0.51,0.015166666666666665
2026-08-02T02:00:00-04:00,20.918759099031206,21.08233333333334,99,partly-cloudy-night,0,0,0.25999999999976353,976.4433333333328,0,21.08233333333334,0,320,0,0
2026-08-02T03:00:00-04:00,20.840189826182606,21.003666666666668,99,drizzle,0,0.16,0.5099999999997635,976.0413333333331,0,21.003666666666668,0,320,0,0
2026-08-02T04:00:00-04:00,20.82130846513106,20.984761904761903,99,partly-cloudy-night,0,0,0.5099999999997635,975.9038095238096,0,20.984761904761903,0,320,0,0
2026-08-02T05:00:00-04:00,20.90727333849573,21.070833333333344,99,drizzle,0,0.13,0.7699999999999818,975.6604999999998,0,21.070833333333344,0,320,0,0
2026-08-02T06:00:00-04:00,21.015779144621405,21.17947368421054,99,partly-cloudy-day,20.05263157894737,0,0.7699999999999818,975.7718421052632,0.1643658326143227,21.17947368421054,0,321,0,0
2026-08-02T07:00:00-04:00,21.148307719546843,21.31216666666667,99,rain,346.55,11.44,4.579999999999927,975.6838333333334,2.8405737704918033,21.31216666666667,0,324,0,0
2026-08-02T08:00:00-04:00,21.2859701890957,21.45,99,drizzle,741,1.19,4.829999999999927,975.58,6.073770491803279,21.45,0,328,0,0
2026-08-02T09:00:00-04:00,21.332079605798338,21.49616666666666,99,rain,2409.2166666666667,19.06,24.129999999999654,975.7381666666665,19.747677595628417,21.49616666666666,0,109,2.04,0.11116666666666668
2026-08-02T10:00:00-04:00,21.590207644507196,21.75461538461538,99,rain,2091.423076923077,3.18,24.639999999999873,975.4707692307691,17.14281210592686,21.75461538461538,0,23,1.02,0.01730769230769231
2026-08-02T11:00:00-04:00,22.40406189523488,22.569482758620694,99,partly-cloudy-day,6085,0,24.899999999999636,975.4748275862071,49.877049180327866,22.569482758620694,0,173,0.51,0.0013793103448275863
2026-08-02T12:00:00-04:00,22.792261457683335,22.95816666666666,99,partly-cloudy-day,5226.3,0,24.899999999999636,975.1053333333333,42.838524590163935,22.95816666666666,0,338,0,0
2026-08-02T13:00:00-04:00,22.99633988402033,23.1625,99,partly-cloudy-day,12178.75,0,24.899999999999636,974.84125,99.82581967213115,23.1625,0,338,0,0
